hash,bytes,ns
polyxor128,256,25.32763582628438
polyxor128,512,26.133689992816084
polyxor128,1024,28.27163428523132
polyxor128,2048,34.18840857133167
polyxor128,4096,40.64094296976687
polyxor128,8192,70.12647305706528
polyxor128,16384,136.0988777922637
polyxor128,32768,257.43592223069135
polyxor128,65536,511.5210148983236
polyxor128,131072,1012.5503933009296
polyxor128,262144,2012.4362998899262
polyxor128,524288,4008.586247416832
polyxor128,1048576,8314.567159195258
polyxor128,2097152,17062.020306315608
polyxor128,4194304,33835.00678426051
polyxor128,8388608,66226.21621621621
polyxor128,16777216,132885.10067114094
polyxor128-mac,256,37.60692174050888
polyxor128-mac,512,40.47397486571131
polyxor128-mac,1024,41.487906062903626
polyxor128-mac,2048,45.25165680762088
polyxor128-mac,4096,52.872676503134805
polyxor128-mac,8192,84.4338990203599
polyxor128-mac,16384,146.68468412603264
polyxor128-mac,32768,272.78648471305416
polyxor128-mac,65536,522.5843066293799
polyxor128-mac,131072,1025.92541901794
polyxor128-mac,262144,2034.9084355319853
polyxor128-mac,524288,4048.455038981183
polyxor128-mac,1048576,8342.566031135211
polyxor128-mac,2097152,17195.91162143354
polyxor128-mac,4194304,33643.82362840795
polyxor128-mac,8388608,66412.5584502338
polyxor128-mac,16777216,132456.3930013459
polyval,256,23.97370450209092
polyval,512,48.027775449529884
polyval,1024,96.50510965830972
polyval,2048,191.93956267993426
polyval,4096,381.5026694111215
polyval,8192,762.855500846523
polyval,16384,1525.994780970616
polyval,32768,3058.185168125288
polyval,65536,6109.859241502243
polyval,131072,12212.611620795107
polyval,262144,24415.829453565304
polyval,524288,48844.76003917728
polyval,1048576,98419.74333662388
polyval,2097152,197128.25651302605
polyval,4194304,394522.4899598394
polyval,8388608,788043.2
polyval,16777216,1574168.8524590165
poly1305,256,110.94198422409218
poly1305,512,155.36619221595063
poly1305,1024,229.2737765312427
poly1305,2048,399.9300705264325
poly1305,4096,741.9091279074232
poly1305,8192,1425.9191526093255
poly1305,16384,2792.326369282891
poly1305,32768,5529.309289252518
poly1305,65536,11006.126285524715
poly1305,131072,22280.77095472882
poly1305,262144,43890.58669001751
poly1305,524288,87800.88028169014
poly1305,1048576,175863.49206349207
poly1305,2097152,351716.96113074204
poly1305,4194304,703649.6503496503
poly1305,8388608,1398363.888888889
poly1305,16777216,2795913.888888889
aegis-128l-mac,256,30.187687839410117
aegis-128l-mac,512,38.95115342297024
aegis-128l-mac,1024,56.723939817246354
aegis-128l-mac,2048,92.01034057774972
aegis-128l-mac,4096,163.37817638266068
aegis-128l-mac,8192,302.6524837769084
aegis-128l-mac,16384,596.2277728331471
aegis-128l-mac,32768,1165.7301587301588
aegis-128l-mac,65536,2343.1609277515836
aegis-128l-mac,131072,4590.538382035141
aegis-128l-mac,262144,9152.300310471352
aegis-128l-mac,524288,18352.972972972973
aegis-128l-mac,1048576,37345.758843666794
aegis-128l-mac,2097152,72838.27611395178
aegis-128l-mac,4194304,145917.8102189781
aegis-128l-mac,8388608,291998.83040935674
aegis-128l-mac,16777216,583481.3953488372
ahash,256,3.921450116876238
ahash,512,7.918159793837074
ahash,1024,16.81442654320198
ahash,2048,40.44950364096822
ahash,4096,88.35008438276554
ahash,8192,185.86277025124372
ahash,16384,379.63277824002057
ahash,32768,766.4153898482056
ahash,65536,1540.33826772653
ahash,131072,3090.0380869130868
ahash,262144,6185.594118013583
ahash,524288,12261.020615932808
ahash,1048576,24724.324324324323
ahash,2097152,49231.16049382716
ahash,4194304,98531.29318854887
ahash,8388608,196957.67716535434
ahash,16777216,393841.7322834646
foldhash,256,4.7435386546522995
foldhash,512,9.59594857496798
foldhash,1024,16.634217688204803
foldhash,2048,31.51887500365061
foldhash,4096,59.841339708724036
foldhash,8192,120.29805521596629
foldhash,16384,235.1047378782201
foldhash,32768,465.41307678782243
foldhash,65536,934.1442240913651
foldhash,131072,1880.4953619584967
foldhash,262144,3727.890184570237
foldhash,524288,7369.852666217935
foldhash,1048576,14920.963385354142
foldhash,2097152,30010.643415514132
foldhash,4194304,59644.2054958184
foldhash,8388608,118728.08056872038
foldhash,16777216,237439.4299287411
blake3,256,254.01501748324813
blake3,512,500.62558484297296
blake3,1024,990.9381021808505
blake3,2048,1012.0345250191166
blake3,4096,1079.1083798882682
blake3,8192,1256.5323438594671
blake3,16384,1369.5070975705548
blake3,32768,2559.212667579366
blake3,65536,4872.223592678474
blake3,131072,9542.340099578705
blake3,262144,18878.98221717745
blake3,524288,37573.83458646617
blake3,1048576,75528.0303030303
blake3,2097152,151796.04863221885
blake3,4194304,306658.53658536583
blake3,8388608,616711.320754717
blake3,16777216,1233733.75
rapidhash,256,6.217118796459116
rapidhash,512,10.40357488931827
rapidhash,1024,16.938188227392338
rapidhash,2048,30.967049529278988
rapidhash,4096,60.720820783821466
rapidhash,8192,115.97133357832065
rapidhash,16384,225.65089544108574
rapidhash,32768,452.8936321799241
rapidhash,65536,913.3205612216149
rapidhash,131072,1813.5599771760938
rapidhash,262144,3643.405319892572
rapidhash,524288,7220.005849663645
rapidhash,1048576,14624.315524641113
rapidhash,2097152,29767.5223880597
rapidhash,4194304,59427.622999407235
rapidhash,8388608,117840.33018867925
rapidhash,16777216,235270.02398081534
crc64-nvme,256,9.764015977986936
crc64-nvme,512,12.409278645449975
crc64-nvme,1024,18.083030141551287
crc64-nvme,2048,29.476968420186136
crc64-nvme,4096,52.16566009826335
crc64-nvme,8192,97.49137891085495
crc64-nvme,16384,187.32970330937408
crc64-nvme,32768,368.0699365430295
crc64-nvme,65536,735.8626783165557
crc64-nvme,131072,1459.8392567467924
crc64-nvme,262144,2908.314060716063
crc64-nvme,524288,5803.874162540053
crc64-nvme,1048576,11717.046650298142
crc64-nvme,2097152,23532.78018278018
crc64-nvme,4194304,46956.74264007597
crc64-nvme,8388608,93894.35406698564
crc64-nvme,16777216,188594.81765834932
siphash2-4,256,55.072894405921886
siphash2-4,512,106.46820048667497
siphash2-4,1024,206.51556129752802
siphash2-4,2048,408.51534624311495
siphash2-4,4096,814.1171933295884
siphash2-4,8192,1621.7809887433348
siphash2-4,16384,3235.7100708103853
siphash2-4,32768,6461.144715447154
siphash2-4,65536,12922.387673183996
siphash2-4,131072,25827.458592132505
siphash2-4,262144,52080.78125
siphash2-4,524288,104179.58115183246
siphash2-4,1048576,208593.8947368421
siphash2-4,2097152,417363.75
siphash2-4,4194304,837802.5
siphash2-4,8388608,1674441.6666666667
siphash2-4,16777216,3335373.3333333335
polymur-hash,256,13.85957275204019
polymur-hash,512,23.474107678668005
polymur-hash,1024,40.57503003389322
polymur-hash,2048,77.04589360894256
polymur-hash,4096,148.49514153233466
polymur-hash,8192,291.0657498104045
polymur-hash,16384,581.3449736995909
polymur-hash,32768,1154.1706172371291
polymur-hash,65536,2319.8847736625517
polymur-hash,131072,4618.089704857077
polymur-hash,262144,9344.270489484108
polymur-hash,524288,18485.991704374057
polymur-hash,1048576,36989.61088024178
polymur-hash,2097152,75130.79791200596
polymur-hash,4194304,148213.92592592593
polymur-hash,8388608,295131.5634218289
polymur-hash,16777216,589372.3529411765
xxh3-128,256,13.476025922446775
xxh3-128,512,15.963455846721113
xxh3-128,1024,19.764209259274786
xxh3-128,2048,29.84107601334729
xxh3-128,4096,49.687081522778826
xxh3-128,8192,88.42551658643613
xxh3-128,16384,167.34928441822882
xxh3-128,32768,325.3917159429886
xxh3-128,65536,641.9797469375138
xxh3-128,131072,1273.46316283435
xxh3-128,262144,2512.662805695354
xxh3-128,524288,5015.593921954667
xxh3-128,1048576,10096.974004874086
xxh3-128,2097152,20487.345679012345
xxh3-128,4194304,40996.47685374846
xxh3-128,8388608,81431.45424836602
xxh3-128,16777216,162694.23393739705
sha1,256,108.02090527400489
sha1,512,194.29559841012806
sha1,1024,366.7307464103477
sha1,2048,712.0066398897304
sha1,4096,1397.725605282465
sha1,8192,2781.0270559418905
sha1,16384,5540.8599104968
sha1,32768,11058.102721785674
sha1,65536,22093.483197093552
sha1,131072,45062.28986824171
sha1,262144,88322.63636363637
sha1,524288,176624.3816254417
sha1,1048576,353262.5441696113
sha1,2097152,706626.7605633803
sha1,4194304,1408446.4788732394
sha1,8388608,2819508.3333333335
sha1,16777216,5655933.333333333
